"","Species UID","number_of_individuals","mean_velocity","sd_velocity","mean_EE","sd_EE"
"1","Acanthurus nigrofuscus",16,29.1748222974673,7.59021533148789,0.0637561752051694,0.0719937572378631
"2","Zebrasoma xanthurum",21,24.5675663052648,9.46260779356194,0.032741525787057,0.058317533790607
